{"name":"4ae1c530-2db5-4386-b68b-0490d1d62a47","id":"/providers/Microsoft.Flow/flows/4ae1c530-2db5-4386-b68b-0490d1d62a47","type":"Microsoft.Flow/flows","properties":{"apiId":"/providers/Microsoft.PowerApps/apis/shared_logicflows","displayName":"Batch_Update_Demo","definition":{"metadata":{"workflowEntityId":null,"processAdvisorMetadata":null,"flowclientsuspensionreason":"None","flowclientsuspensiontime":null,"creator":{"id":"43140ab5-3add-4c3f-806d-bf8acf89976d","type":"User","tenantId":"591c1d1e-70f9-418c-b5f0-c8d6dc17bd3b"},"provisioningMethod":"FromDefinition","failureAlertSubscription":true,"clientLastModifiedTime":"2021-12-25T18:51:55.6041798Z"},"$schema":"https://schema.management.azure.com/providers/Microsoft.Logic/schemas/2016-06-01/workflowdefinition.json#","contentVersion":"1.0.0.0","parameters":{"$connections":{"defaultValue":{},"type":"Object"},"$authentication":{"defaultValue":{},"type":"SecureObject"}},"triggers":{"manual":{"metadata":{"operationMetadataId":"9063ee7e-d460-48c2-bd81-c541633adc32"},"type":"Request","kind":"Button","inputs":{"schema":{"type":"object","properties":{},"required":[]}}}},"actions":{"Scope_Batch_Update_Flow":{"actions":{"Get_items_1st_100000":{"runAfter":{},"metadata":{"operationMetadataId":"67db42af-1d89-4d13-89f6-f9f39bdb9c57"},"type":"OpenApiConnection","inputs":{"host":{"apiId":"/providers/Microsoft.PowerApps/apis/shared_sharepointonline","connectionName":"shared_sharepointonline","operationId":"GetItems"},"parameters":{"dataset":"https://metropolitanministries.sharepoint.com/sites/archive-2021-09-28T025727Z","table":"b8f2cd21-cb8a-4d73-a1f7-8c4eaae498e4","$orderby":"ID"},"authentication":{"value":"@json(decodeBase64(triggerOutputs().headers['X-MS-APIM-Tokens']))['$ConnectionKey']","type":"Raw"}},"description":"If there is some column with set values for every record, like a Status column, then you can create parallel Get items branches for each value in that column & add a filter condition for each value, improving the list load time.","runtimeConfiguration":{"paginationPolicy":{"minimumItemCount":100000}}},"Get_items_2nd_100000":{"runAfter":{"Get_items_1st_100000":["Succeeded"]},"metadata":{"operationMetadataId":"67db42af-1d89-4d13-89f6-f9f39bdb9c57"},"type":"OpenApiConnection","inputs":{"host":{"apiId":"/providers/Microsoft.PowerApps/apis/shared_sharepointonline","connectionName":"shared_sharepointonline","operationId":"GetItems"},"parameters":{"dataset":"https://metropolitanministries.sharepoint.com/sites/archive-2021-09-28T025727Z","table":"b8f2cd21-cb8a-4d73-a1f7-8c4eaae498e4","$filter":"ID gt @{last(outputs('Get_items_1st_100000')?['body/value'])['ID']}","$orderby":"ID"},"authentication":{"value":"@json(decodeBase64(triggerOutputs().headers['X-MS-APIM-Tokens']))['$ConnectionKey']","type":"Raw"}},"description":"If the list is >200k, add a Get items action for the next 100k records with a filter query ID gt last(outputs('Get_items_2nd_100000')?['body/value'])['ID']","runtimeConfiguration":{"paginationPolicy":{"minimumItemCount":100000}}},"Batch_update_from_external_data":{"actions":{"Do_until_Update":{"actions":{"Scope_Batch_update_items_in_1st_100k_SP_records":{"actions":{"Do_until":{"actions":{"Select":{"runAfter":{},"metadata":{"operationMetadataId":"d90bce05-ae93-482c-a536-bd36310988b6"},"type":"Select","inputs":{"from":"@take(skip(body('Filter_array_Remove_items_without_a_key_to_ID_match_in_SharePoint'), mul(outputs('settings')['batchSize'], iterationIndexes('Do_until'))), outputs('settings')['batchSize'])","select":"@replace(replace(outputs('batchTemplate'),'|ID|', string(item()?['ID'])), '|RowData|', string(item()))"}},"batchData":{"runAfter":{"Select":["Succeeded"]},"metadata":{"operationMetadataId":"37cd3c50-9877-4ec3-a32f-33290e7cf6cb"},"type":"Compose","inputs":"@join(body('Select'), decodeUriComponent('%0A'))"},"SendBatch":{"runAfter":{"batchData":["Succeeded"]},"limit":{"timeout":"P1D"},"metadata":{"flowSystemMetadata":{"swaggerOperationId":"HttpRequest"},"operationMetadataId":"16e4dda3-3bad-46d0-a0ce-a919bada5f25"},"type":"ApiConnection","inputs":{"host":{"connection":{"name":"@json(decodeBase64(triggerOutputs().headers['X-MS-APIM-Tokens']))['$connections']['shared_sharepointonline_1']['connectionId']"},"api":{"runtimeUrl":"https://flow-apim-msmanaged-na-westus2-01.azure-apim.net/apim/sharepointonline"}},"method":"post","body":{"method":"POST","uri":"/_api/$batch","headers":{"X-RequestDigest":"digest","Content-Type":"multipart/mixed;boundary=batch_@{actions('settings')?['trackedProperties']['batchGUID']}"},"body":"--batch_@{actions('settings')?['trackedProperties']['batchGUID']}\nContent-Type: multipart/mixed; boundary=\"changeset_@{actions('settings')?['trackedProperties']['changeSetGUID']}\"\nContent-Length: @{length(outputs('batchData'))}\nContent-Transfer-Encoding: binary\n\n@{outputs('batchData')}\n--changeset_@{actions('settings')?['trackedProperties']['changeSetGUID']}--\n\n--batch_@{actions('settings')?['trackedProperties']['batchGUID']}--"},"path":"/datasets/@{encodeURIComponent(encodeURIComponent(outputs('settings')['siteAddress']))}/httprequest","authentication":{"type":"Raw","value":"@json(decodeBase64(triggerOutputs().headers['X-MS-APIM-Tokens']))['$ConnectionKey']"}}},"Results":{"runAfter":{"SendBatch":["Succeeded"]},"metadata":{"operationMetadataId":"fa9b68d1-10d2-4ca3-8a3a-05c3c14c2f54"},"type":"Compose","inputs":"@base64ToString(body('sendBatch')['$content'])"}},"runAfter":{"Filter_array_Remove_items_without_a_key_to_ID_match_in_SharePoint":["Succeeded"]},"expression":"@less(length(body('Select')), sub(outputs('settings')['batchSize'], 5))","limit":{"count":150,"timeout":"PT7H"},"metadata":{"operationMetadataId":"c2b0cb55-964e-4bd4-8484-fcf245bd3932"},"type":"Until"},"Filter_array_Remove_items_without_a_key_to_ID_match_in_SharePoint":{"runAfter":{"GenerateSPData":["Succeeded"]},"metadata":{"operationMetadataId":"1c5c3129-35c5-444d-9a4f-aad8f88a4446"},"type":"Query","inputs":{"from":"@body('GenerateSPData')","where":"@not(equals(item()?['ID'], null))"}},"GenerateSPData":{"runAfter":{"Compose_Reformat_keys_to_single_JSON_object":["Succeeded"]},"metadata":{"operationMetadataId":"ce0487d5-63c8-40b4-9b4c-5229c0439c94"},"type":"Select","inputs":{"from":"@body('List_rows_present_in_a_table')?['value']","select":{"__metadata":"@json(concat('{\"type\":\"SP.Data.', replace(replace(outputs('settings')['listName'], '_', '_x005f_'), ' ', '_x0020_'), 'ListItem\"}'))","ID":"@outputs('Compose_Reformat_keys_to_single_JSON_object')?[item()?['Email']]?['ID']","Date":"@addDays('1899-12-30', int(item()['Date']), 'u')","Title":"@item()?['Name']","Email":"@item()?['Email']","Status":"@item()?['Status']"}},"description":"In the ID row expression, replace item()?['Email'] with the column(s) in the updated data that make up the keys.  Ex: replace it with concat(item()?['ExcelColumnName1'], item()?['ExcelColumnName2']) for a multi-column key."},"Compose_Reformat_keys_to_single_JSON_object":{"runAfter":{"Select_Keys_from_Get_items_1":["Succeeded"]},"metadata":{"operationMetadataId":"69b1d189-d56f-45fc-8dbb-a49740832a64"},"type":"Compose","inputs":"@json(replace(replace(replace(string(body('Select_Keys_from_Get_items_1')), '[{', '{'), '}]', '}'), '},{', ','))"},"Select_Keys_from_Get_items_1":{"runAfter":{},"metadata":{"operationMetadataId":"dac3de39-a3e5-422a-be37-81089ee64a51"},"type":"Select","inputs":{"from":"@outputs('Get_items_1st_100000')?['body/value']","select":{"@item()?['Email']":"@item()"}},"description":"Action limit is 100k Get items records. Decide on 1+ columns to use on the left side as a unique key that is different for every record in the list. For a multiple column key list each, eg: item()?['Column1'], item()?['Column2'], item()?['Column3'])."}},"runAfter":{"batchTemplate":["Succeeded"]},"metadata":{"operationMetadataId":"a32ffaf9-e457-4b81-92cf-531cf58ce133"},"type":"Scope"},"Scope_Batch_update_items_in_2nd_100k_SP_records":{"actions":{"Do_until_2":{"actions":{"Select_2":{"runAfter":{},"metadata":{"operationMetadataId":"d90bce05-ae93-482c-a536-bd36310988b6"},"type":"Select","inputs":{"from":"@take(skip(body('Filter_array_Remove_items_without_a_key_to_ID_match_in_SharePoint_2'), mul(outputs('settings')['batchSize'], iterationIndexes('Do_until_2'))), outputs('settings')['batchSize'])","select":"@replace(replace(outputs('batchTemplate'), '|ID|', string(item()?['ID'])), '|RowData|', string(item()))"}},"batchData_2":{"runAfter":{"Select_2":["Succeeded"]},"metadata":{"operationMetadataId":"37cd3c50-9877-4ec3-a32f-33290e7cf6cb"},"type":"Compose","inputs":"@join(body('Select_2'), decodeUriComponent('%0A'))"},"SendBatch_2":{"runAfter":{"batchData_2":["Succeeded"]},"limit":{"timeout":"P1D"},"metadata":{"flowSystemMetadata":{"swaggerOperationId":"HttpRequest"},"operationMetadataId":"16e4dda3-3bad-46d0-a0ce-a919bada5f25"},"type":"ApiConnection","inputs":{"host":{"connection":{"name":"@json(decodeBase64(triggerOutputs().headers['X-MS-APIM-Tokens']))['$connections']['shared_sharepointonline_1']['connectionId']"},"api":{"runtimeUrl":"https://flow-apim-msmanaged-na-westus2-01.azure-apim.net/apim/sharepointonline"}},"method":"post","body":{"method":"POST","uri":"/_api/$batch","headers":{"X-RequestDigest":"digest","Content-Type":"multipart/mixed;boundary=batch_@{actions('settings')?['trackedProperties']['batchGUID']}"},"body":"--batch_@{actions('settings')?['trackedProperties']['batchGUID']}\nContent-Type: multipart/mixed; boundary=\"changeset_@{actions('settings')?['trackedProperties']['changeSetGUID']}\"\nContent-Length: @{length(outputs('batchData_2'))}\nContent-Transfer-Encoding: binary\n\n@{outputs('batchData_2')}\n--changeset_@{actions('settings')?['trackedProperties']['changeSetGUID']}--\n\n--batch_@{actions('settings')?['trackedProperties']['batchGUID']}--"},"path":"/datasets/@{encodeURIComponent(encodeURIComponent(outputs('settings')['siteAddress']))}/httprequest","authentication":{"type":"Raw","value":"@json(decodeBase64(triggerOutputs().headers['X-MS-APIM-Tokens']))['$ConnectionKey']"}}},"Results_2":{"runAfter":{"SendBatch_2":["Succeeded"]},"metadata":{"operationMetadataId":"fa9b68d1-10d2-4ca3-8a3a-05c3c14c2f54"},"type":"Compose","inputs":"@base64ToString(body('sendBatch_2')['$content'])","description":"When copying a branch, change the 'sendBatch_#' part of the expression below to match the new SendBatch action above."}},"runAfter":{"Filter_array_Remove_items_without_a_key_to_ID_match_in_SharePoint_2":["Succeeded"]},"expression":"@less(length(body('Select_2')), sub(outputs('settings')['batchSize'], 5))","limit":{"count":150,"timeout":"PT7H"},"metadata":{"operationMetadataId":"c2b0cb55-964e-4bd4-8484-fcf245bd3932"},"type":"Until"},"Filter_array_Remove_items_without_a_key_to_ID_match_in_SharePoint_2":{"runAfter":{"GenerateSPData_2":["Succeeded"]},"metadata":{"operationMetadataId":"1c5c3129-35c5-444d-9a4f-aad8f88a4446"},"type":"Query","inputs":{"from":"@body('GenerateSPData_2')","where":"@not(equals(item()?['ID'], null))"}},"GenerateSPData_2":{"runAfter":{"Compose_Reformat_keys_to_single_JSON_object_2":["Succeeded"]},"metadata":{"operationMetadataId":"ce0487d5-63c8-40b4-9b4c-5229c0439c94"},"type":"Select","inputs":{"from":"@body('List_rows_present_in_a_table')?['value']","select":{"__metadata":"@json(concat('{\"type\":\"SP.Data.', replace(replace(outputs('settings')['listName'], '_', '_x005f_'), ' ', '_x0020_'), 'ListItem\"}'))","ID":"@outputs('Compose_Reformat_keys_to_single_JSON_object_2')?[item()?['Email']]?['ID']","Date":"@addDays('1899-12-30', int(item()['Date']), 'u')","Title":"@item()?['Name']","Email":"@item()?['Email']","Status":"@item()?['Status']"}},"description":"In the ID row expression, replace item()?['Email'] with the column(s) in the updated data that make up the keys.  Ex: replace it with concat(item()?['ExcelColumnName1'], item()?['ExcelColumnName2']) for a multi-column key."},"Compose_Reformat_keys_to_single_JSON_object_2":{"runAfter":{"Select_Keys_from_Get_items_2":["Succeeded"]},"metadata":{"operationMetadataId":"69b1d189-d56f-45fc-8dbb-a49740832a64"},"type":"Compose","inputs":"@json(replace(replace(replace(string(body('Select_Keys_from_Get_items_2')), '[{', '{'), '}]', '}'), '},{', ','))"},"Select_Keys_from_Get_items_2":{"runAfter":{},"metadata":{"operationMetadataId":"dac3de39-a3e5-422a-be37-81089ee64a51"},"type":"Select","inputs":{"from":"@outputs('Get_items_2nd_100000')?['body/value']","select":{"@item()?['Email']":"@item()"}},"description":"When copying a branch, change the SharePoint value in the From field to the next Get items output that you added at the top of the flow."}},"runAfter":{"batchTemplate":["Succeeded"]},"metadata":{"operationMetadataId":"92a89bdf-e08b-4767-a93f-831f6b8eeb76"},"type":"Scope"},"batchTemplate":{"runAfter":{"settings":["Succeeded"]},"metadata":{"operationMetadataId":"d0af0142-cd1d-437c-97a2-98210ea8dbde"},"type":"Compose","inputs":"--changeset_@{actions('settings')?['trackedProperties']['changeSetGUID']}\nContent-Type: application/http\nContent-Transfer-Encoding: binary\n\nPATCH @{outputs('settings')['siteAddress']}_api/web/lists/getByTitle('@{outputs('settings')['listName']}')/items(|ID|) HTTP/1.1\nContent-Type: application/json;odata=verbose\nAccept: application/json;odata=verbose\nIf-Match: *\n\n|RowData|\n"},"settings":{"runAfter":{"List_rows_present_in_a_table":["Succeeded"]},"trackedProperties":{"meta":{"type":"SP.Data.@{outputs('settings')?['listName']}ListItem"},"batchGUID":"@{guid()}","changeSetGUID":"@{guid()}"},"metadata":{"operationMetadataId":"459dc501-ad7e-4252-8540-df307a69607f"},"type":"Compose","inputs":{"siteAddress":"https://OrgName.sharepoint.com/sites/SiteName/","listName":"ExampleListName","batchSize":1000},"description":"List to batch update items in & the batch size (max 1000)"},"List_rows_present_in_a_table":{"runAfter":{},"metadata":{"016B7R4Y7EON4XZ3K5URCJG7TCJZ2K7B6S":"/Power Automate Files/DateInfo.xlsx","flowSystemMetadata":{"swaggerOperationId":"GetItems"},"016B7R4YYVOTO4F52WHNAZ4NTGFWMYOH66":"/Power Automate Files/thanksgiving-metropolitan-ministries-holidays11-22.xlsx","operationMetadataId":"d3258554-7310-4453-9d1c-103d10112938","016B7R4Y3LVLCEITRXYVBIVHINFYOQURWY":"/Example_Folder/Example_File.xlsx"},"type":"ApiConnection","inputs":{"host":{"connection":{"name":"@json(decodeBase64(triggerOutputs().headers['X-MS-APIM-Tokens']))['$connections']['shared_excelonlinebusiness']['connectionId']"},"api":{"runtimeUrl":"https://flow-apim-msmanaged-na-westus2-01.azure-apim.net/apim/excelonlinebusiness"}},"method":"get","path":"/drives/@{encodeURIComponent('b!V98W3EpelUKlDdqLRGtmIhxFH6MJ2iZDgED7cFp9HDl-pnhDUqbgQau6ZhENsVMW')}/files/@{encodeURIComponent(encodeURIComponent('016B7R4Y3LVLCEITRXYVBIVHINFYOQURWY'))}/tables/@{encodeURIComponent('{0EF8559F-7BF3-48E4-AAEA-D90E380C91B4}')}/items","queries":{"source":"me","$top":100000,"$skip":"@add(mul(iterationIndexes('Do_until_Update'), 99998), iterationIndexes('Do_until_Update'))"},"authentication":{"type":"Raw","value":"@json(decodeBase64(triggerOutputs().headers['X-MS-APIM-Tokens']))['$ConnectionKey']"}},"description":"The expression in Skip Count will skip any 100k batches already loaded by previous loop runs. You may need to create something similar if you use any alternative get data action in this Do until loop.","runtimeConfiguration":{"paginationPolicy":{"minimumItemCount":100000}}}},"runAfter":{},"expression":"@less(length(body('List_rows_present_in_a_table')?['value']), 99990)","limit":{"count":150,"timeout":"PT8H"},"metadata":{"operationMetadataId":"f668d1f3-7245-4e88-9952-6b7e2bec05b9"},"type":"Until","description":"If you change the List rows present in a table to something else, change the length() expression below to the length of your new get data action & the 99990 to the new get data batch size. Then insert the action values in GenerateSPData From fields."}},"runAfter":{"Get_items_2nd_100000":["Succeeded"]},"metadata":{"operationMetadataId":"921a4fd4-4def-40df-a301-6402606fa56f"},"type":"Scope"}},"runAfter":{},"metadata":{"operationMetadataId":"c7fb812e-1814-4af5-8b09-da4513a271e1"},"type":"Scope"}}},"connectionReferences":{"shared_sharepointonline_1":{"connectionName":"450fe27b81dd45c280cabc23cf5898e0","source":"Invoker","id":"/providers/Microsoft.PowerApps/apis/shared_sharepointonline","tier":"NotSpecified"},"shared_excelonlinebusiness":{"connectionName":"shared-excelonlinebu-0701434b-e573-4276-9ccd-0ed3-c0975e45","source":"Invoker","id":"/providers/Microsoft.PowerApps/apis/shared_excelonlinebusiness","tier":"NotSpecified"},"shared_sharepointonline":{"connectionName":"450fe27b81dd45c280cabc23cf5898e0","source":"Invoker","id":"/providers/Microsoft.PowerApps/apis/shared_sharepointonline","tier":"NotSpecified"}},"flowFailureAlertSubscribed":false}}